label,label_awal,created_at,id_str,full_text,quote_count,reply_count,retweet_count,favorite_count,lang,user_id_str,conversation_id_str,username,tweet_url
neutral,neutral,Fri Sep 22 23:33:59 +0000 2023,1705364853005902019,"Keseruan Bapak @erickthohir di IKN bersama Bapak Presiden @jokowi  Para menteri, artis, influenser, para pekerja konstruksi, dan masyarakat  #GueBarengErickThohir https://t.co/yqWpHGQiw1",0,0,0,0,in,713562482,1705364853005902019,cecengmuslih,https://twitter.com/cecengmuslih/status/1705364853005902019
neutral,neutral,Fri Sep 22 22:46:33 +0000 2023,1705352915320549774,"Presiden turut berharap kehadiran RS Abdi Waluyo di IKN dapat menjadi sebuah daya tarik bagi masyarakat tidak hanya di kawasan IKN,¬†... https://t.co/d3j0sAW26E",0,0,0,0,in,256888577,1705352915320549774,yuliakhmada,https://twitter.com/yuliakhmada/status/1705352915320549774
neutral,neutral,Fri Sep 22 20:47:06 +0000 2023,1705322852483043820,"@KompasTV Merdu kan bu?  Nah, rumahnya yg di pulau Jawa jualin saja semua, dan pindah ke IKN. Sekaligus ngasih contoh ke masyarakat, bahwa pejabatnya juga dengan senang hati tinggal di IKN ü§´",0,0,0,0,in,1538272718323232768,1705225759013621941,bakso_kanji,https://twitter.com/bakso_kanji/status/1705322852483043820
negative,negative,Fri Sep 22 20:05:35 +0000 2023,1705312405465833775,@KompasTV Kalau yang ngomong dari tahun 2012 sudah ngibul terus ..ya gua nggak bisa percaya deh hanya karena IKN maka PSSI bisa berjaya. tanpa IKN pun tentunya PSSI mampu berjaya..Rupanya kibulannya hanya untuk memikat masyarakat pecinta bola terhadap IKN,0,0,0,0,in,1338292963810557954,1704859638511133005,Andra89996910,https://twitter.com/Andra89996910/status/1705312405465833775
neutral,neutral,Fri Sep 22 18:01:58 +0000 2023,1705281298695332182,"Hadiri Malam Apresiasi Nusantara, Presiden: Terima Kasih Masyarakat dan Pekerja IKN https://t.co/tCerKQ0NIJ lewat @Liputan86",0,0,0,0,in,1510857676435374085,1705281298695332182,Liputan861,https://twitter.com/Liputan861/status/1705281298695332182
neutral,neutral,Fri Sep 22 17:08:05 +0000 2023,1705267736287510567,"@Alucard19689209 @registaco IKN susah bang buat diakalin,itu pak basuki bolak balik visit sama presiden ,proyek yang diperhatikan seluruh elemen pemerintah-masyarakat ini ü§£ dapet info kalo banyak yang gamau kerja di ikn ya salahsatunya proyeknya susah buat diakalin itu wkwk jadi kemungkinan hasilnya baguss",0,0,1,7,in,1114182997282922497,1705154121454714917,callawaydrivr,https://twitter.com/callawaydrivr/status/1705267736287510567
neutral,neutral,Fri Sep 22 15:44:18 +0000 2023,1705246652435746914,"Hadiri Pagelaran Musik di IKN, Presiden Jokowi Ucapkan Terima Kasih ke Masyarakat dan Pekerja https://t.co/qKogzSPB9n",0,0,0,2,in,71436318,1705246652435746914,KompasTV,https://twitter.com/KompasTV/status/1705246652435746914
negative,negative,Fri Sep 22 15:29:25 +0000 2023,1705242905324261544,@KompasTV apakah dengan selesainya IKN akan terdengar lagi suara serangga dan jangkrik yang merdu itu? yang ada suara jeritan hati masyarakat karena di huni oleh orang asing,0,0,0,0,in,1409368224622288900,1705225759013621941,matro_chan14,https://twitter.com/matro_chan14/status/1705242905324261544
neutral,neutral,Fri Sep 22 15:28:19 +0000 2023,1705242629372600669,"Hadiri Malam Apresiasi Nusantara, Presiden Jokowi: Terima Kasih Masyarakat dan Pekerja IKN  Ini akan kita pakai sebagai bahan dalam merencanakan peta jalan menuju Indonesia Maju 2045. Nanti yang menikmati yang muda-muda ini,"" tandasnya. https://t.co/mR9aeGuBTj https://t.co/PuIWPnVrR2""",0,0,0,1,in,992673313141899264,1705242629372600669,iina_surbakti,https://twitter.com/iina_surbakti/status/1705242629372600669
neutral,neutral,Fri Sep 22 14:42:04 +0000 2023,1705230988832612441,SEKDA PAPARKAN GAGASAN KOLABORASI PEMBERDAYAAN MASYARAKAT MENDUKUNG IKN https://t.co/3V1pubyRSh via @BeritaIrn https://t.co/lkMFOoBZ8m,0,0,0,0,in,1060418982061080576,1705230988832612441,beritairn1,https://twitter.com/beritairn1/status/1705230988832612441
negative,negative,Fri Sep 22 13:09:12 +0000 2023,1705207619726778485,@KompasTV Training center  diperbanyak di IKN sementara itu msh banyak masyarakat menengah dan bawah yg cukup makan 15-20hr saja dr gaji/upah mereka,0,0,0,0,in,379528748,1704859638511133005,dhianchakim,https://twitter.com/dhianchakim/status/1705207619726778485
negative,negative,Fri Sep 22 11:32:58 +0000 2023,1705183401249300920,"@QianzyZ Kok masyarakat kalimantan? Wong yg punya tanah disana itu adlh Tan Kang Hoo, Hashim J, Keluarga LBP, Yusril, dkk kok, knapa jd terima kasihnya ke Masyarakat Kalimantan? Ohhh... Mgk maksud kamu terima kasih kpd rakyat Kalimantan krn sdh mjd penonton &amp  pendukung IKN yg baik kali?",0,0,0,0,in,1339754306870726657,1705178876526330183,ansal1979,https://twitter.com/ansal1979/status/1705183401249300920
negative,negative,Fri Sep 22 10:47:08 +0000 2023,1705171867617972544,"@tvOneNews Bagian orang2 pemerintah melakukan tindakan represif dan arogan kepada masyarakat tp Presidennya seolah g tau apa2!! Mlh haha hihi di IKN, itupun keputusan sepihak pemerintah, mgkn orang2 sprti itu g takut sm Penciptanya, apasaja dilanggar demi mulusin kepentingannya!",0,0,0,0,in,1431503876214034432,1705100468303872409,EvilindaD,https://twitter.com/EvilindaD/status/1705171867617972544
neutral,neutral,Fri Sep 22 10:37:35 +0000 2023,1705169464365547713,"Jokowi sebut RS Abdi Waluyo di IKN tidak hanya akan melayani masyarakat umum. Tapi, akan dikembangkan ke arah sport medicine hingga sport research https://t.co/iiiQuVKLYW",0,2,2,2,in,23343960,1705169464365547713,kompascom,https://twitter.com/kompascom/status/1705169464365547713
neutral,neutral,Fri Sep 22 09:08:19 +0000 2023,1705146998238888105,"@DittoRadhitya @detikcom @DPR_RI @FPD_DPR @FPKSDPRRI @Fraksi_Gerindra @fraksigolkar @FraksiPKB @AJIIndonesia @antaranews @BBCIndonesia @BEMUI_Official @BEMFISIPUI @agusjabo333 @AnthonyBudiawan @ariexvamrompas @Dandhy_Laksono @elisa_jkt @emilsalim2010 @evimsofian @FaisalBasri @faridgaban @feriamsari @GreenpeaceID @idbaruid @mkusumawijaya @SeknasKPA @tempodotco @tvOneNews @UbedilahB @walhinasional @YLBHI @zainalamochtar Obral #IKN semakin menjadi-jadi.""  Menarik baca komentar warga masyarakat di bawah:  https://t.co/OhFPTZdCKT""",0,0,0,0,in,940211514664935424,1702563647241801833,ajegilelu1,https://twitter.com/ajegilelu1/status/1705146998238888105
negative,negative,Fri Sep 22 07:40:26 +0000 2023,1705124883272024252,"@jokowi Mengapa terkesan buru buru membangun IKN...Apakah itu tidak menelan biaya yang sangat banyak...Apa kah bapak tau masyarakat masih gundah mikirin hutang dan pangan ....di daerah saya banyak sekali yang mengeluh tentang ekonomi,,bahkan banyak yang ingin merantau jadi TKI..",0,0,0,1,in,1454813666457505801,1705049742668161064,gadoel01,https://twitter.com/gadoel01/status/1705124883272024252
neutral,neutral,Fri Sep 22 06:40:57 +0000 2023,1705109915621343348,1705109915621343348,0,0,0,3,in,1286557775670042625,1705051895197466711,Fadlipenyair,https://twitter.com/Fadlipenyair/status/1705109915621343348
positive,positive,Fri Sep 22 06:31:30 +0000 2023,1705107535060255055,"dengan caption, Senang sekali bisa mengunjungi Ibu Kota Negara (IKN) Nusantara di Kalimantan Timur bersama Menteri PUPR @basuki_hadimuljono! Semoga pembangunan IKN dapat memberikan manfaat yang besar bagi masyarakat Indonesia. Teruslah bekerja""",0,0,0,0,in,1682213817659580416,1705107535060255055,viviliaaaaa,https://twitter.com/viviliaaaaa/status/1705107535060255055
neutral,neutral,Fri Sep 22 06:29:20 +0000 2023,1705106988630409418,sedang dibangun di area IKN Nusantara. Semoga pembangunan ini dapat memberikan manfaat yang besar bagi masyarakat dan kemajuan negara kita. #PresidenJokowi #IKN #PembangunanInfrastruktur,0,0,0,0,in,1683537005509214208,1705106988630409418,fabril_zulhevi,https://twitter.com/fabril_zulhevi/status/1705106988630409418
positive,positive,Fri Sep 22 06:29:03 +0000 2023,1705106917788615149,santai dan semangat dalam memimpin pembangunan IKN. Semoga proyek ini dapat memberikan manfaat yang besar bagi masyarakat Indonesia. #IKN #PembangunanNusantara,0,0,0,0,in,1682658118428430336,1705106917788615149,__arsyarihla,https://twitter.com/__arsyarihla/status/1705106917788615149
neutral,neutral,Fri Sep 22 06:17:36 +0000 2023,1705104038524809328,"dengan caption, Senang sekali bisa mengunjungi Ibu Kota Negara (IKN) Nusantara di Kalimantan Timur bersama Menteri PUPR @hadimuljono. Semoga pembangunan IKN dapat berjalan lancar dan memberikan manfaat besar bagi masyarakat Indonesia. #IKN #KalimantanTimur #PembangunanNasional""",0,0,0,0,in,1681160093746843650,1705104038524809328,irfanefendi91,https://twitter.com/irfanefendi91/status/1705104038524809328
positive,positive,Fri Sep 22 06:09:56 +0000 2023,1705102108511604774,"Mau deh ke IKN bole gasi kalo masyarakat kesono untuk liat aja?  https://t.co/kC7vmXl5um""",0,0,0,0,in,586625460,1705102108511604774,kolleenaaa,https://twitter.com/kolleenaaa/status/1705102108511604774
neutral,neutral,Fri Sep 22 05:50:17 +0000 2023,1705097163917885443,"Selain peresmian nama resmi KCJB, pemerintah juga tengah melakukan sayembara pemilihan logo Whoosh yang saat ini sudah terpilih 3 logo berbeda. Sama seperti pemilihan logo IKN, masyarakat juga bisa memilih logo yang akan diunggah melalui laman resmi https://t.co/a9YUM9eqO8",0,1,0,4,in,64924675,1705097155487350917,smartfrenworld,https://twitter.com/smartfrenworld/status/1705097163917885443
positive,positive,Fri Sep 22 05:29:29 +0000 2023,1705091927040016428,Jokowi di IKN. Semoga pembangunan IKN dapat berjalan lancar dan memberikan manfaat bagi masyarakat Indonesia. üåûüáÆüá© #IKN #PembangunanIbuKotaNusantara,0,0,0,0,in,1685867556970852352,1705091927040016428,MirnaaSariii,https://twitter.com/MirnaaSariii/status/1705091927040016428
positive,positive,Fri Sep 22 05:26:17 +0000 2023,1705091124090806496,Januari 2022. Semoga pembangunan IKN berjalan lancar dan memberikan manfaat yang besar bagi masyarakat Indonesia. üåÑüë∑‚Äç‚ôÇÔ∏èüáÆüá© #IKN #PresidenJokowi,0,0,0,0,in,1688382815203958784,1705091124090806496,devanoriski3,https://twitter.com/devanoriski3/status/1705091124090806496
positive,positive,Fri Sep 22 05:16:51 +0000 2023,1705088747380076730,"@cimotyy kereeen inilah yang selama ini diidam-idamkan masyarakat pecinta sepak bola di tanah air, sebuah training center yang akan menunjang prestasi timnas. alhamdulillah akhirnya #TCBolaDibangun di IKN, semoga dunia sepak bola kita semakin membaik kedepannya.",0,0,0,0,in,1671165087154044930,1705082013500490082,Dany72797825193,https://twitter.com/Dany72797825193/status/1705088747380076730
negative,negative,Fri Sep 22 05:11:18 +0000 2023,1705087352912375929,@jokowi Seandainya dana pembangunan ikn di gunakan untuk subsidi bbm subsidi buku dan menaikan gaji guru betapa bergunanya uang itu untuk masyarakat,0,0,0,0,in,1588197111773810688,1704855340540744067,alfatihputra7,https://twitter.com/alfatihputra7/status/1705087352912375929
positive,positive,Fri Sep 22 05:03:06 +0000 2023,1705085287037313095,"@cimotyy alhamdulilah.. semoga niat baik akan membawa hal yang baik. manfaat training center di IKN ini tidak cuma dirasakan oleh pemain, tetapi juga seluruh masyarakat indonesia sebagai pendukung  #TCBolaDibangun",0,0,0,0,in,1442050045826637829,1705082013500490082,bluuee_19,https://twitter.com/bluuee_19/status/1705085287037313095
positive,positive,Fri Sep 22 04:45:01 +0000 2023,1705080739849711750,"dengan semangat yang penuh! Semoga kunjungan kerja ini dapat membawa kemajuan yang positif bagi IKN dan juga masyarakat Indonesia. Teruslah berusaha dan berinovasi, karena masa depan kita ada di tangan kita sendiri! üí™üáÆüá© #IKN #KemajuanNegara",0,0,0,0,in,1675031723023929344,1705080739849711750,kaniaprnwti,https://twitter.com/kaniaprnwti/status/1705080739849711750
neutral,neutral,Fri Sep 22 04:32:38 +0000 2023,1705077622269763587,langsung perkembangan proyek tersebut. Beliau menyampaikan bahwa pembangunan IKN merupakan salah satu langkah strategis untuk mempercepat pertumbuhan ekonomi dan meningkatkan kesejahteraan masyarakat. Semoga proyek ini dapat berjalan,0,0,0,0,in,1678333241340854272,1705077622269763587,ekaningtyas_,https://twitter.com/ekaningtyas_/status/1705077622269763587
positive,positive,Fri Sep 22 03:52:42 +0000 2023,1705067573921157575,"@AdjieDarma10 @jokowi Seperti selama ini yg dibangun jokowi berguna utk masyarakat, saya mendoakan ikn sukses dilanjutkan oleh pemimpin berikutnya",0,0,0,0,in,991667382102904832,1704855340540744067,bobexlbud,https://twitter.com/bobexlbud/status/1705067573921157575
negative,negative,Fri Sep 22 03:30:58 +0000 2023,1705062101914653015,"Proyek IKN itu puncak komedi dari konsolidasi para super elite penguasa x pengusaha yg lapar lahan yg didorong fantasi atas masyarakat yg teratur dan patuh (gate community), berapapun ongkosnya demi mewujudkan distopia tsb.    https://t.co/YFTjjW60Zg",7,11,165,411,in,98590981,1705062101914653015,fahrisalam,https://twitter.com/fahrisalam/status/1705062101914653015
negative,negative,Fri Sep 22 03:23:22 +0000 2023,1705060188359921775,Miris lihat gbr 2 üòü itu hutan makin habis aja lama2 generasi kedepan gmn üôÑ blum lg hrsnya itu lahan jd penghidupan masyarakat lokal yg sdh d usir gegara ikn ikn apa tahu dah. Ikan lo smua !!,0,0,0,0,in,36370869,1705060188359921775,gramscinobbie,https://twitter.com/gramscinobbie/status/1705060188359921775
positive,positive,Fri Sep 22 02:41:15 +0000 2023,1705049589873836370,@youthful_mediaa IKN dapat menjadi platform yang memungkinkan kolaborasi antara pemerintah swasta dan masyarakat sipil dalam memajukan bangsa Indonesia. #IKNNusantara,0,0,0,0,in,1500653737697628160,1704850151117078590,01k67580699,https://twitter.com/01k67580699/status/1705049589873836370
positive,positive,Fri Sep 22 02:36:28 +0000 2023,1705048385756205462,@youthful_mediaa Pastinya dgn adanya IKN Nusantara akan timbulkan dampak positif bagi masyarakat skitar #IKNNusantara,0,0,0,0,in,1512332050753220609,1704850151117078590,bingobravoo,https://twitter.com/bingobravoo/status/1705048385756205462
positive,positive,Fri Sep 22 02:28:57 +0000 2023,1705046495152718241,@youthful_mediaa IKN dapat menjadi wadah bagi masyarakat Indonesia untuk mengembangkan potensi dan kemampuan diri serta berkontribusi dalam pembanguna,0,0,0,0,in,1590579229325815808,1704850151117078590,sudrajatmp,https://twitter.com/sudrajatmp/status/1705046495152718241
neutral,neutral,Fri Sep 22 02:01:00 +0000 2023,1705039460130578572,Pelatihan berbasis kompetensi Kemnaker tingkatkan pendapatan masyarakat sekitar IKN #IKN #IKNNusantara #Nusantara #IbuKotaNegara https://t.co/YI4LcbJi3X,0,0,0,1,in,2428119228,1705039460130578572,kellytiemikino,https://twitter.com/kellytiemikino/status/1705039460130578572
positive,positive,Fri Sep 22 01:47:58 +0000 2023,1705036180662972799,proses pembangunan dengan penuh antusias. Semoga pembangunan IKN dapat berjalan lancar dan memberikan manfaat yang besar bagi masyarakat Indonesia. #PresidenJokowi #PembangunanIKN üí™üáÆüá©,0,0,0,0,in,1.67865E+18,1705036180662972799,dewianjarwatii1,https://twitter.com/dewianjarwatii1/status/1705036180662972799
neutral,neutral,Fri Sep 22 01:44:07 +0000 2023,1705035211938160880,"infrastruktur di IKN Nusantara. Selain itu, Jokowi juga akan bertemu dengan para pejabat daerah dan masyarakat setempat untuk mendengarkan aspirasi dan memperoleh masukan terkait pembangunan di wilayah tersebut. #PresidenJokowi #Infrastruktur #PembangunanNasional",0,0,0,0,in,1675328434875277312,1705035211938160880,bambangsug3,https://twitter.com/bambangsug3/status/1705035211938160880
neutral,neutral,Fri Sep 22 01:43:28 +0000 2023,1705035048549007869,"@SWEETAL154 Semoga hal yg ga masuk akal di IKN cepat berakhir.  Dengan mendapatkan presiden yg amanah dg perjuangan bangsa .  Mewujudkan masyarakat adil dan makmur berdasarkan Pancasila """"",0,1,2,4,in,1395632607807692801,1704853201693073518,SotaSoma01,https://twitter.com/SotaSoma01/status/1705035048549007869
negative,negative,Fri Sep 22 00:54:42 +0000 2023,1705022776715911401,@CNNIndonesia Subsidi masyarakat lebih berfaedah daripada IKN dan Kendaraan Listrik,0,0,0,1,in,1131156742102872065,1704872971108806855,KrismonAdji,https://twitter.com/KrismonAdji/status/1705022776715911401
neutral,neutral,Fri Sep 22 00:47:48 +0000 2023,1705021042094489901,"@jokowi Semoga Allah selalu melindungi dan memberkahi Bapak Presidenku. Usul Bapak, orang Papua Asli di kirim ke Jawa... Yang di Jakarta di kirim ke IKN buat pertukaran masyarakat. Agar kita semakin menjiwai prinsip BHINEKA TUNGGAL IKA.",0,0,0,0,in,48148944,1704855340540744067,Tutut_Darputro,https://twitter.com/Tutut_Darputro/status/1705021042094489901
negative,negative,Thu Sep 21 16:18:58 +0000 2023,1704892988940222481,Sepak Bola itu kultur budaya dgn akar yg menguat di masyarakat   Kalau hanya pindah ke IKN lalu berharaf Raja Asia   Kenapa tdk pindah ke Milan saja,0,1,0,3,in,1138988249358196736,1704892988940222481,keepithink_crab,https://twitter.com/keepithink_crab/status/1704892988940222481
neutral,neutral,Thu Sep 21 13:41:44 +0000 2023,1704853418823872908,Bendungan Sepaku Semoi akan memiliki kapasitas 2.000 liter per detik untuk memasok kebutuhan IKN dan 500 liter per detik yang dialokasikan untuk masyarakat Balikpapan. #Nusantara #AdadiKompas    https://t.co/XKVK228naF,0,0,0,0,in,255866913,1704853418823872908,hariankompas,https://twitter.com/hariankompas/status/1704853418823872908
neutral,neutral,Thu Sep 21 13:08:36 +0000 2023,1704845079582761215,Sekda Sampaikan Gagasan Terkait Kolaborasi Pemberdayaan Masyarakat untuk Dukung IKN https://t.co/SBR4Jmgl0i,0,0,0,0,in,1515020418331332610,1704845079582761215,KetapangWarta,https://twitter.com/KetapangWarta/status/1704845079582761215
neutral,neutral,Thu Sep 21 13:02:36 +0000 2023,1704843570757406795,"Seminar PKN Tingkat 1, Sekda Sampaikan  Gagasan Terkait Kolaborasi Pemberdayaan Masyarakat untuk Dukung IKN https://t.co/XO1ptRLpLO",0,0,0,0,in,1334349452,1704843570757406795,Agusketapang,https://twitter.com/Agusketapang/status/1704843570757406795
positive,positive,Thu Sep 21 12:20:34 +0000 2023,1704832991862906964,IKN Nusantara akan menjadi kebanggaan semua masyarakat Indonesia dengan melihat kecanggihan pembangunan berkonsep smart city di IKN Nusantara #IKNPemerataanEkonomi #IKNSejahterakanIndonesia #IKN #IKNtingkatkanKesejahteraan #dukungproyekIKN #IKNNusantara https://t.co/LVL70qSrgz,0,0,0,0,in,1356621933152899072,1704832971218583844,sushiitr4shh,https://twitter.com/sushiitr4shh/status/1704832991862906964
positive,positive,Thu Sep 21 12:20:33 +0000 2023,1704832987223962024,IKN Nusantara akan menjadi kebanggaan semua masyarakat Indonesia dengan melihat kecanggihan pembangunan berkonsep smart city di IKN Nusantara #IKNPemerataanEkonomi #IKNSejahterakanIndonesia #IKN #IKNtingkatkanKesejahteraan #dukungproyekIKN #IKNNusantara https://t.co/eg0SBJPqYw,0,1,0,0,in,1356621933152899072,1704832971218583844,sushiitr4shh,https://twitter.com/sushiitr4shh/status/1704832987223962024
positive,positive,Thu Sep 21 12:20:32 +0000 2023,1704832983222583725,IKN Nusantara akan menjadi kebanggaan semua masyarakat Indonesia dengan melihat kecanggihan pembangunan berkonsep smart city di IKN Nusantara #IKNPemerataanEkonomi #IKNSejahterakanIndonesia #IKN #IKNtingkatkanKesejahteraan #dukungproyekIKN #IKNNusantara https://t.co/FhUc83rCLV,0,1,0,0,in,1356621933152899072,1704832971218583844,sushiitr4shh,https://twitter.com/sushiitr4shh/status/1704832983222583725
positive,positive,Thu Sep 21 12:20:30 +0000 2023,1704832977564540977,IKN Nusantara akan menjadi kebanggaan semua masyarakat Indonesia dengan melihat kecanggihan pembangunan berkonsep smart city di IKN Nusantara #IKNPemerataanEkonomi #IKNSejahterakanIndonesia #IKN #IKNtingkatkanKesejahteraan #dukungproyekIKN #IKNNusantara https://t.co/st4Z8hLLK6,0,1,0,0,in,1356621933152899072,1704832971218583844,sushiitr4shh,https://twitter.com/sushiitr4shh/status/1704832977564540977
positive,positive ,Thu Sep 21 12:20:29 +0000 2023,1704832971218583844,IKN Nusantara akan menjadi kebanggaan semua masyarakat Indonesia dengan melihat kecanggihan pembangunan berkonsep smart city di IKN Nusantara #IKNPemerataanEkonomi #IKNSejahterakanIndonesia #IKN #IKNtingkatkanKesejahteraan #dukungproyekIKN #IKNNusantara https://t.co/mjiREKw19C,0,1,0,0,in,1356621933152899072,1704832971218583844,sushiitr4shh,https://twitter.com/sushiitr4shh/status/1704832971218583844
neutral,neutral,Thu Sep 21 11:31:41 +0000 2023,1704820693265952908,Pemerintah usulkan merevisi UU Ibu Kota Negara. Salah satu revisi soal kejelasan status tanah masyarakat utk dukung investasi.  Apakah revisi dilakukan utk kejelasan status tanah masyrakat atau justru memudahkan investor di IKN?https://t.co/b8ltMjUuoU   #KBRSore #PodcastIndonesia https://t.co/FKuM70lzy7,0,0,1,0,in,124390203,1704820693265952908,beritaKBR,https://twitter.com/beritaKBR/status/1704820693265952908
neutral,neutral,Thu Sep 21 11:30:41 +0000 2023,1704820438810132612,Posisi yang lemah secara hukum memudahkan pemerintah atau Otorita IKN mengusir atau merelokasi masyarakat adat di sana dengan ganti rugi minimal. https://t.co/QrYOKda8wK,0,1,2,4,in,20963426,1704820427045089450,korantempo,https://twitter.com/korantempo/status/1704820438810132612
negative,negative,Thu Sep 21 11:15:18 +0000 2023,1704816570051039533,"@Muhadzami @Muhamma34206542 @tvOneNews Gausah bahas kebutuhan masyarakat, klo subsidi pupuk ditarik tpi subsidi kcic dan motor listrik diadakan, di Jawa lgi banyak yg susah makan dan kemiskinan meningkat, pemerintah malah bangun IKN dan KCIc yg pake Apbn sebagai jaminan, ujung2nya apa? Rakyat lgi dipajakin",0,0,0,0,in,8.1126E+17,1704813389124665630,itsme_dul,https://twitter.com/itsme_dul/status/1704816570051039533
positive,positive ,Thu Sep 21 04:33:03 +0000 2023,1704715340385751429,IKN Nusantara memberikan manfaat untuk masyarakat sekitar #IKN #IKNNusantara #DukungIKN #IKNMendunia https://t.co/YohWj84H4p,0,0,0,0,in,1564445082866323456,1704715340385751429,BertaniKodok,https://twitter.com/BertaniKodok/status/1704715340385751429
negative,negative,Wed Sep 20 13:49:44 +0000 2023,1704493043674481058,"Melalui sambutan ini, IKN berpeluang untuk menyebarluaskan pelbagai maklumat mengenai penyakit dan risiko kanser kepada masyarakat. Orang awam juga turut berpeluang untuk menjalani saringan kesihatan secara percuma, termasuk saringan untuk kanser payudara, kanser paru-paru dan‚Ä¶ https://t.co/ourJXiLpzP",0,0,2,7,in,531041640,1704492823624511805,KKMPutrajaya,https://twitter.com/KKMPutrajaya/status/1704493043674481058
neutral,neutral,Wed Sep 20 13:09:01 +0000 2023,1704482797711462483,@korantempo Tugas masyarakat adalah tetap mengkritisi dan mengawal.  Meskipun DPR dan Pemerintah tidak bisa di harapkan.  Karena mereka masih ngotot IKN dilanjutkan demi nama baik Lurah.,0,0,0,1,in,1661642617552261120,1704330592945586471,kangtrivia,https://twitter.com/kangtrivia/status/1704482797711462483
positive,positive ,Wed Sep 20 12:30:33 +0000 2023,1704473119392698584,"@prastow Tapi daya beli masyarakat menurun mas, belanja negara katanya lebih byk di IKN",0,5,1,29,in,406782906,1704469937786589364,EriEffendi,https://twitter.com/EriEffendi/status/1704473119392698584
negative,negative,Wed Sep 20 10:56:00 +0000 2023,1704449324669968575,"Ganjar tegas mengatakan bahwa dalam membangun IKN tidak perlu terburu-buru. Sebab, ada ekosistem yang harus terbangun secara bertahap. Dia pun mendorong agar masyarakat lokal menjadi perhatian bersama.",0,1,0,0,in,118646322,1704449285188960625,Bisniscom,https://twitter.com/Bisniscom/status/1704449324669968575
negative,negative,Wed Sep 20 09:51:06 +0000 2023,1704432990372380890,@jokowi Gak usah sok2an medsosan... Kalau banyak keluhan masyarakat di medsos dicuekin... Segala iklim lah dipikirin. Itu REMPANG jangan dicuekin.  IKN jangan diterusin. Skala prioritasnya diatur ulang.  Ojo Napsumu tok...,0,0,0,1,in,245339588,1703927039127089192,resa_shaman,https://twitter.com/resa_shaman/status/1704432990372380890
neutral,neutral,Wed Sep 20 09:38:15 +0000 2023,1704429755679039761,190 Tahun Tanah IKN Diobral  Revisi UU IKN memberikan celah bagi investor menguasai lahan selama 190 tahun. Pelindungan hak masyarakat adat terabaikan. https://t.co/rlvZDc3PdV,0,2,0,0,in,1593458555264593921,1704429755679039761,HajiBajuri,https://twitter.com/HajiBajuri/status/1704429755679039761
neutral,neutral,Wed Sep 20 08:47:31 +0000 2023,1704416989186589119,"Proses pembangunan IKN Nusantara akan menggunakan fasilitas yang modern. Tidak hanya itu, masyarakat disekitarnya pun juga ikut merasakan keuntungan dari pembangunan IKN. Pemerintah terus berupaya mengundang investor untuk mempercepat pembangunan agar dapat dinikmati masyarakat. https://t.co/4kBngDDztz",0,0,0,0,in,1526414837366276096,1704416989186589119,abimantrana56,https://twitter.com/abimantrana56/status/1704416989186589119
neutral,neutral,Wed Sep 20 08:47:26 +0000 2023,1704416969758589188,"Proses pembangunan IKN Nusantara akan menggunakan fasilitas yang modern. Tidak hanya itu, masyarakat disekitarnya pun juga ikut merasakan keuntungan dari pembangunan IKN. Pemerintah terus berupaya mengundang investor untuk mempercepat pembangunan agar dapat dinikmati masyarakat. https://t.co/n0E6UJxFT3",0,0,0,0,in,1526414837366276096,1704416969758589188,abimantrana56,https://twitter.com/abimantrana56/status/1704416969758589188
neutral,neutral,Wed Sep 20 08:47:21 +0000 2023,1704416949340659890,"Proses pembangunan IKN Nusantara akan menggunakan fasilitas yang modern. Tidak hanya itu, masyarakat disekitarnya pun juga ikut merasakan keuntungan dari pembangunan IKN. Pemerintah terus berupaya mengundang investor untuk mempercepat pembangunan agar dapat dinikmati masyarakat. https://t.co/TP7rhO34s1",0,0,0,0,in,1526414837366276096,1704416949340659890,abimantrana56,https://twitter.com/abimantrana56/status/1704416949340659890
neutral,neutral,Wed Sep 20 08:15:25 +0000 2023,1704408910717923347,"Proses pembangunan IKN Nusantara akan menggunakan fasilitas yang modern. Tidak hanya itu, masyarakat disekitarnya pun juga ikut merasakan keuntungan dari pembangunan IKN. Pemerintah terus berupaya mengundang investor untuk mempercepat pembangunan agar dapat dinikmati masyarakat. https://t.co/T1IgW0vam5",0,0,0,0,in,1069401364067868673,1704408910717923347,PolitikLingkar,https://twitter.com/PolitikLingkar/status/1704408910717923347
neutral,neutral,Wed Sep 20 08:07:41 +0000 2023,1704406964456022120,Jokowi Berterima kasih ke Masyarakat Suku Dayak Yang Telah Dukung IKN https://t.co/YDpJlwuFCI,0,0,0,0,in,1549653544927887360,1704406964456022120,Monalisa131813,https://twitter.com/Monalisa131813/status/1704406964456022120
negative,negative,Wed Sep 20 06:42:33 +0000 2023,1704385541083656450,@korantempo Bkn cuman trabaikan jg min tp trtindas masyarakat stempat..ngak main2 loh 190 thn itu!!!waktu yg cukup lama..@DPR_RI persetujuan atas revisi UU IKN apa sdh kmndapatkan persetujuan dr warga setempat???ü§®,0,1,0,6,in,1286557775670042625,1704329795033792678,Fadlipenyair,https://twitter.com/Fadlipenyair/status/1704385541083656450
negative,negative,Wed Sep 20 03:41:47 +0000 2023,1704340047682826649,@PanglimaJilah Hutan Kalimantan mau d kuasai Aseng 190 tahun dlm revisi UU ikn terbaru gmn..?? Ada suara g Gmn hak tanah adat untk masyarakat Dayak apa terlindungi TDK..?? Ngomong panglima tapi hak dasar suku Dayak g d perjuangkan,0,0,0,0,in,1336686243829059585,1597887071804280833,Umar83638540,https://twitter.com/Umar83638540/status/1704340047682826649
neutral,neutral,Wed Sep 20 03:27:33 +0000 2023,1704336469182251088,"@tvOneNews Banyak yg nolak investasi Rempang tp bukan masyarakat rempang, banyak yg nolak IKN tp bukan masyarakat paser Utara",0,0,0,0,in,1225475976458424320,1704320025522561352,Didin53014893,https://twitter.com/Didin53014893/status/1704336469182251088
positive,positive ,Wed Sep 20 03:04:16 +0000 2023,1704330606203859028,@abangbelneg Ibu Kota Nusantara IKN mendapat dukungan dari berbagai kalangan masyarakat yang ingin memajukan bangsa Indonesia. #IbuKotaNegara,0,0,0,0,in,1488459217623478277,1704302514915713393,DavinaClara5,https://twitter.com/DavinaClara5/status/1704330606203859028
neutral,neutral,Wed Sep 20 03:04:12 +0000 2023,1704330592945586471,Kelompok organisasi masyarakat sipil mendesak pemerintah dan Dewan Perwakilan Rakyat mengevaluasi penggunaan Anggaran Pendapatan dan Belanja Negara (APBN) yang terus mengucur ke proyek Ibu Kota Nusantara (IKN).  #KoranTempo  https://t.co/57xXniWYcE,14,26,425,721,in,20963426,1704330592945586471,korantempo,https://twitter.com/korantempo/status/1704330592945586471
neutral,neutral,Wed Sep 20 03:01:02 +0000 2023,1704329795033792678,"190 Tahun Tanah IKN Diobral  Revisi UU IKN memberikan celah bagi investor menguasai lahan selama 190 tahun. Pelindungan hak masyarakat adat terabaikan.  Simak edisi terbaru Koran Tempo, hanya di https://t.co/JSPrmxFxEM   #korantempodigital #KoranTempo https://t.co/UX4kx5l0ZM",141,275,1686,2787,in,20963426,1704329795033792678,korantempo,https://twitter.com/korantempo/status/1704329795033792678
positive,positive ,Tue Sep 19 23:20:13 +0000 2023,1704274222984642968,Tarigan menekankan pentingnya peningkatan kualitas pelayanan dasar di IKN Kalimantan Timur. Semoga harapan ini dapat segera terwujud demi kemajuan dan kesejahteraan masyarakat. #PelayananDasarLebihBaik #IKNKalimantanTimur,0,0,0,0,in,1679089360376049664,1704274222984642968,bam_bangsgnto,https://twitter.com/bam_bangsgnto/status/1704274222984642968
neutral,neutral,Tue Sep 19 22:54:29 +0000 2023,1704267748694720542,"UI mengunjungi IKN Nusantara sebagai tindaklanjut kerja sama dengan Otorita IKN di bidang pendidikan, penelitian, dan pengabdian masyarakat. UI dengan Otorita IKN membahas perannya. Khususnya melalui pembangunan klaster riset di IKN. Mata Najwa Tidur Adakami Terbuka iOS 17 https://t.co/0eZ6RevIGf",0,1,10,18,in,2907040202,1704267748694720542,Anggita_lung,https://twitter.com/Anggita_lung/status/1704267748694720542
positive,positive ,Tue Sep 19 12:15:39 +0000 2023,1704106981164974274,IKN Nusantara akan menjadi kebanggaan semua masyarakat Indonesia dengan melihat kecanggihan pembangunan berkonsep smart city di IKN Nusantara https://t.co/pDPNcvmi4o,0,0,0,0,in,1565583314786066433,1704106981164974274,allof_You4,https://twitter.com/allof_You4/status/1704106981164974274
positive,positive ,Tue Sep 19 06:23:08 +0000 2023,1704018267298263473,Masyarakat Sulawesi Utara mendukung pembangunan IKN Nusantara! #KotaDuniaUntukSemua #IKNSejahterakanIndonesia https://t.co/lR2AbpAGXR,0,0,0,0,in,1564445082866323456,1704018267298263473,BertaniKodok,https://twitter.com/BertaniKodok/status/1704018267298263473
positive,positive ,Tue Sep 19 06:22:06 +0000 2023,1704018008400654346,IKN Nusantara memberikan manfaat untuk masyarakat sekitar #IKN #IKNNusantara #DukungIKN #IKNMendunia https://t.co/MnfEdA5U2F,0,0,0,0,in,1564445082866323456,1704018008400654346,BertaniKodok,https://twitter.com/BertaniKodok/status/1704018008400654346
positive,positive ,Tue Sep 19 06:21:07 +0000 2023,1704017759124742235,Pentingnya pembangunan IKN Nusantara demi masyarakat #KotaDuniaUntukSemua #IKNSejahterakanIndonesia https://t.co/qsEv35YPWd,0,0,0,0,in,1564445082866323456,1704017759124742235,BertaniKodok,https://twitter.com/BertaniKodok/status/1704017759124742235
neutral,neutral,Tue Sep 19 06:16:00 +0000 2023,1704016469942579449,Pembangunan IKN Tidak Boleh Membuat Tanah Ulayat dan Masyarakat Adat di Kaltim Tergusur|https://t.co/vKvIEDv1Fp. Penulis: Chaerul Umam Editor: Dewi Agustina,0,0,1,2,in,545703313,1704016469942579449,yayasanepistema,https://twitter.com/yayasanepistema/status/1704016469942579449
neutral,neutral,Tue Sep 19 05:13:50 +0000 2023,1704000824626807134,@MaruThegoe @daykurnia1 @VIVAcoid IKN dibangun tanpa menggusur masyarakat cuma nebangin pohon kalo di Rempang ada masyarakat adat yg tinggal jauh sebelum negara ini merdeka,0,0,0,0,in,2807076179,1703817192054432098,Surya_Kaide,https://twitter.com/Surya_Kaide/status/1704000824626807134
positive,positive ,Tue Sep 19 04:15:32 +0000 2023,1703986155203760229,IKN beri dampak positif bagi pariwisata dan ekonomi masyarakat lokal #IKNNusantara #IndonesiaMaju #Ekonomi #IbuKotaNegara #NusantaraKita #KetahananPangan #KotaDuniaUntukSemua https://t.co/lpRsUrsCnF,0,0,0,150,in,1455748970227986433,1703986155203760229,penegak_kultum,https://twitter.com/penegak_kultum/status/1703986155203760229
positive,positive ,Tue Sep 19 03:19:35 +0000 2023,1703972074509976053,@IKN_NusantaraID Keterlibatan masyarakat dalam proyek ini menguatkan persatuan nasional #IKNNusantara,0,0,0,0,in,1506537157678501888,1703616221248466979,wibowo_fatimah,https://twitter.com/wibowo_fatimah/status/1703972074509976053
positive,positive ,Tue Sep 19 03:06:27 +0000 2023,1703968768865767649,@IKN_NusantaraID Kita masyarakat Indonesia optimis #IKNNusantara,0,0,0,0,in,1487601784600236032,1703616221248466979,NandoElyas,https://twitter.com/NandoElyas/status/1703968768865767649
positive,positive ,Tue Sep 19 02:58:24 +0000 2023,1703966744573018365,@IKN_NusantaraID Dukung pemindahan Ibu Kota Nusantara sebagai wujud keadilan sosial bagi seluruh masyarakat Indonesia #PindahIbuKota,0,0,0,0,in,1489641442188300289,1703616221248466979,Dicket6,https://twitter.com/Dicket6/status/1703966744573018365
positive,positive ,Tue Sep 19 02:20:40 +0000 2023,1703957246273847581,IKN Berikan banyak dampak positif bagi masyarakat dan kemajuan ekonomi daerah dan UMKM serta kemajuan bangsa https://t.co/vM1ihsC4kH,0,0,0,0,in,1448431290,1703957246273847581,Nykaa_77,https://twitter.com/Nykaa_77/status/1703957246273847581
positive,positive ,Tue Sep 19 02:20:33 +0000 2023,1703957218419445950,IKN Berikan banyak dampak positif bagi masyarakat dan kemajuan ekonomi daerah dan UMKM serta kemajuan bangsa https://t.co/WJQVe8HUl2,0,0,0,0,in,1448431290,1703957218419445950,Nykaa_77,https://twitter.com/Nykaa_77/status/1703957218419445950
positive,positive ,Tue Sep 19 02:20:18 +0000 2023,1703957155660112221,IKN Berikan banyak dampak positif bagi masyarakat dan kemajuan ekonomi daerah dan UMKM serta kemajuan bangsa https://t.co/k5U1Z950rZ,0,0,0,0,in,1448431290,1703957155660112221,Nykaa_77,https://twitter.com/Nykaa_77/status/1703957155660112221
negative,negative,Tue Sep 19 02:17:06 +0000 2023,1703956348025909672,"@ipeh_tetapnganu Panglima pajaji berkaca dari wilayah yg dijadikan proyek IKN,jika hal tsb dibiarkan diwilayah lain maka tanah ulayat akan habis dan masyarakat adat juga akan musnah.",0,1,2,12,in,3071376732,1703831619147276497,suharnogareng,https://twitter.com/suharnogareng/status/1703956348025909672
positive,positive ,Tue Sep 19 01:59:23 +0000 2023,1703951892135710762,"ini. Anggaran tersebut akan digunakan untuk pembangunan infrastruktur dan peningkatan kualitas hidup masyarakat di Ibu Kota Nusantara. Semoga dengan anggaran ini, IKN dapat menjadi kota yang lebih baik dan nyaman untuk kita semua. #IKN #Anggaran2024",0,0,0,0,in,1678297879642001409,1703951892135710762,azmyqrnisa,https://twitter.com/azmyqrnisa/status/1703951892135710762
negative,negative,Mon Sep 18 16:53:59 +0000 2023,1703814637140234458,#Kom2 #RevisiUUIKN Aminurokhman @NasDem #Jatim2: Jangan sampai masyarakat dikorbankan oleh salah satu pihak maka kami perlu pandangan dan wawasan yang lebih komprehensif terkait pembahasan RUU IKN ini.,0,0,0,0,in,3550695012,1703814637140234458,WikiDPR1,https://twitter.com/WikiDPR1/status/1703814637140234458
positive,positive ,Mon Sep 18 16:51:49 +0000 2023,1703814090911830406,"#Kom2 #RevisiUUIKN Gaus @FraksiPAN #Sumbar2: Persoalan apa yg disampaikan terkait aset itu harus berkembang tidak dimatikan, mudah2an dengan IKN ini tumbuh subur. Itu yg diinginkan masyarakat hukum adat, bagaimana pandangan Prof. terhadap persoalan ini.",0,0,0,0,in,3550695012,1703814090911830406,WikiDPR1,https://twitter.com/WikiDPR1/status/1703814090911830406
negative,negative,Mon Sep 18 16:48:48 +0000 2023,1703813333986799848,"#Kom2 #RevisiUUIKN M. Herdiansyah, Pakar : Eksisting cadangan tanaman pangan di kawasan IKN seluas 24.000 ha, kami berharap proses mitigasi yg mendalam bagi kami masyarakat lokal karena sebagian besar pencaharian disana adalah petani dan nelayan.",0,0,0,0,in,3550695012,1703813333986799848,WikiDPR1,https://twitter.com/WikiDPR1/status/1703813333986799848
positive,positive ,Mon Sep 18 16:48:40 +0000 2023,1703813300134572350,"#Kom2 #RevisiUUIKN M. Herdiansyah, Pakar : Di Samboja, masyarakat sudah mulai meningkatkan produksi pertaniannya, bahkan kemarin kami launching kawasan hortikultura, targetnya 250 ha, setidaknya itulah semangat kami menyambut IKN.",0,0,0,0,in,3550695012,1703813300134572350,WikiDPR1,https://twitter.com/WikiDPR1/status/1703813300134572350
neutral,neutral,Mon Sep 18 16:31:46 +0000 2023,1703809044421734525,@Jominangg Makanya ibukota mau pindah IKN biar alokasi anggaran menyebar. Asal masyarakat nya mendukung dan kerjasama.,0,0,0,0,in,277520663,1703244366083756342,ardjoe0704,https://twitter.com/ardjoe0704/status/1703809044421734525
negative,negative,Mon Sep 18 16:31:20 +0000 2023,1703808938167402985,"#Kom2 #RevisiUUIKN Imam Koeswahyono, Pakar : ... yang dapat memberikan tanah di kawasan IKN, tidak hanya terbatas pada pemerintah pusat atau otorita IKN untuk melindungi hak-hak masyarakat baik individu, badan hukum, maupun masyarakat yang ada di wilayah kawasan ... (3)",0,0,0,0,in,3550695012,1703808938167402985,WikiDPR1,https://twitter.com/WikiDPR1/status/1703808938167402985
negative,negative,Mon Sep 18 16:09:31 +0000 2023,1703803448775627004,"@tvOneNews Kenapa gak dibangun di kawasan industri dekat IKN? Kan investasi2 lg antri di sana. Apalagi masyarakat adatnya sdh menerima/pasrah. Dibela Panglima Jilah dan Dedi Sitorus PDIP bersama segenap anak2 jin yg terbuang, pasti pasir kuarsa banyak tersedia.",0,0,0,0,in,86254569,1703665494098919751,albinojaktim,https://twitter.com/albinojaktim/status/1703803448775627004
neutral,neutral,Mon Sep 18 15:08:46 +0000 2023,1703788156951347326,Guru Besar Universitas Brawijaya: Revisi UU IKN Harus Memastikan Hak Masyarakat Adat via @kedaipenacom https://t.co/IaARc1lvlC,0,0,0,1,in,793719410275983361,1703788156951347326,KedaiPenaCom,https://twitter.com/KedaiPenaCom/status/1703788156951347326
positive,positive ,Mon Sep 18 14:54:55 +0000 2023,1703784672373989465,di IKN Nusantara ini akan memberikan dampak positif bagi perekonomian Indonesia. Semoga pembangunan ini berjalan lancar dan memberikan manfaat yang besar bagi masyarakat. #IKNNusantara #InvestasiSwasta,0,0,0,0,in,1679709732611985410,1703784672373989465,ShaniaPutr,https://twitter.com/ShaniaPutr/status/1703784672373989465
positive,positive ,Mon Sep 18 11:58:28 +0000 2023,1703740267474702539,KN Nusantara akan menjadi kebanggaan semua masyarakat Indonesia dengan melihat kecanggihan pembangunan berkonsep smart city di IKN Nusantara #IKNPemerataanEkonomi #IKNSejahterakanIndonesia #IKN #IKNtingkatkanKesejahteraan #dukungproyekIKN #IKNNusantara https://t.co/iih3glIyjU,0,0,0,0,in,1356621933152899072,1703740252417077746,sushiitr4shh,https://twitter.com/sushiitr4shh/status/1703740267474702539
positive,positive ,Mon Sep 18 11:58:27 +0000 2023,1703740263670456736,KN Nusantara akan menjadi kebanggaan semua masyarakat Indonesia dengan melihat kecanggihan pembangunan berkonsep smart city di IKN Nusantara #IKNPemerataanEkonomi #IKNSejahterakanIndonesia #IKN #IKNtingkatkanKesejahteraan #dukungproyekIKN #IKNNusantara https://t.co/IdwRh4kLYN,0,1,0,0,in,1356621933152899072,1703740252417077746,sushiitr4shh,https://twitter.com/sushiitr4shh/status/1703740263670456736
positive,positive ,Mon Sep 18 11:58:26 +0000 2023,1703740259404824888,KN Nusantara akan menjadi kebanggaan semua masyarakat Indonesia dengan melihat kecanggihan pembangunan berkonsep smart city di IKN Nusantara #IKNPemerataanEkonomi #IKNSejahterakanIndonesia #IKN #IKNtingkatkanKesejahteraan #dukungproyekIKN #IKNNusantara https://t.co/HAlceRJ8br,0,1,0,0,in,1356621933152899072,1703740252417077746,sushiitr4shh,https://twitter.com/sushiitr4shh/status/1703740259404824888
positive,positive ,Mon Sep 18 11:58:25 +0000 2023,1703740255587954972,KN Nusantara akan menjadi kebanggaan semua masyarakat Indonesia dengan melihat kecanggihan pembangunan berkonsep smart city di IKN Nusantara #IKNPemerataanEkonomi #IKNSejahterakanIndonesia #IKN #IKNtingkatkanKesejahteraan #dukungproyekIKN #IKNNusantara https://t.co/vW0GkW2zUC,0,1,0,0,in,1356621933152899072,1703740252417077746,sushiitr4shh,https://twitter.com/sushiitr4shh/status/1703740255587954972
positive,positive ,Mon Sep 18 11:58:24 +0000 2023,1703740252417077746,KN Nusantara akan menjadi kebanggaan semua masyarakat Indonesia dengan melihat kecanggihan pembangunan berkonsep smart city di IKN Nusantara #IKNPemerataanEkonomi #IKNSejahterakanIndonesia #IKN #IKNtingkatkanKesejahteraan #dukungproyekIKN #IKNNusantara https://t.co/eHJ28vjXaF,0,1,0,0,in,1356621933152899072,1703740252417077746,sushiitr4shh,https://twitter.com/sushiitr4shh/status/1703740252417077746
positive,positive ,Mon Sep 18 11:23:08 +0000 2023,1703731374698664008,akan menjadi kunci keberhasilan pembangunan IKN Nusantara. Mari kita dukung dan berharap semoga pembangunan ini dapat memberikan manfaat besar bagi pertumbuhan ekonomi dan kesejahteraan masyarakat. #IKNNusantara #InvestasiSwasta üí™üíºüå±,0,0,0,0,in,1681904185393184768,1703731374698664008,AdrianH4321,https://twitter.com/AdrianH4321/status/1703731374698664008
negative,negative,Mon Sep 18 08:04:30 +0000 2023,1703681389747704149,"Kementerian PUPR luncurkan game Roblox untuk kenalkan IKN Nusantara kepada masyarakat.  Gamau sekalian bikin survival life as an ASN"" di Minecraft üòÖ?  #UdahConnxBelum  https://t.co/qbI4GTHzd9""",0,0,0,0,in,1505038620457324544,1703681389747704149,connxid,https://twitter.com/connxid/status/1703681389747704149
positive,positive ,Mon Sep 18 05:50:09 +0000 2023,1703647577554469348,Selain itu IKN dipastikan akan mendorong pemerataan ekonomi nasional untuk meningkatkan kesejahteraan masyarakat. #IKNPemerataanEkonomi #IKNSejahterakanIndonesia #IKN #IKNtingkatkanKesejahteraan #dukungproyekIKN #IKNNusantara 2 https://t.co/kK1nP6fpZe,0,0,0,0,in,958555240697036800,1703647577554469348,andre_herdian05,https://twitter.com/andre_herdian05/status/1703647577554469348
positive,positive ,Mon Sep 18 05:50:09 +0000 2023,1703647577004990814,Selain itu IKN dipastikan akan mendorong pemerataan ekonomi nasional untuk meningkatkan kesejahteraan masyarakat. #IKNPemerataanEkonomi #IKNSejahterakanIndonesia #IKN #IKNtingkatkanKesejahteraan #dukungproyekIKN #IKNNusantara https://t.co/3M3CPCf4lj,0,0,0,0,in,958555240697036800,1703647577004990814,andre_herdian05,https://twitter.com/andre_herdian05/status/1703647577004990814
positive,positive ,Mon Sep 18 05:50:09 +0000 2023,1703647576984047694,Hal ini akan menjadi kebanggaan semua masyarakat Indonesia dengan melihat kecanggihan pembangunan berkonsep smart city di IKN Nusantara. #IKNPemerataanEkonomi #IKNSejahterakanIndonesia #IKN #IKNtingkatkanKesejahteraan #dukungproyekIKN #IKNNusantara https://t.co/8KB8pJezgQ,0,0,0,0,in,958555240697036800,1703647576984047694,andre_herdian05,https://twitter.com/andre_herdian05/status/1703647576984047694
positive,positive ,Mon Sep 18 05:50:07 +0000 2023,1703647570021449993,Hal ini akan menjadi kebanggaan semua masyarakat Indonesia dengan melihat kecanggihan pembangunan berkonsep smart city di IKN Nusantara. #IKNPemerataanEkonomi #IKNSejahterakanIndonesia #IKN #IKNtingkatkanKesejahteraan #dukungproyekIKN #IKNNusantara 1 https://t.co/q4py4rLFVP,0,0,0,0,in,958555240697036800,1703647570021449993,andre_herdian05,https://twitter.com/andre_herdian05/status/1703647570021449993
positive,positive ,Mon Sep 18 05:50:06 +0000 2023,1703647563834859733,Selain itu IKN dipastikan akan mendorong pemerataan ekonomi nasional untuk meningkatkan kesejahteraan masyarakat. #IKNPemerataanEkonomi #IKNSejahterakanIndonesia #IKN #IKNtingkatkanKesejahteraan #dukungproyekIKN #IKNNusantara 2 https://t.co/8h3yP80WCr,0,0,0,0,in,958555240697036800,1703647563834859733,andre_herdian05,https://twitter.com/andre_herdian05/status/1703647563834859733
positive,positive ,Mon Sep 18 05:50:06 +0000 2023,1703647563780325765,Hal ini akan menjadi kebanggaan semua masyarakat Indonesia dengan melihat kecanggihan pembangunan berkonsep smart city di IKN Nusantara. #IKNPemerataanEkonomi #IKNSejahterakanIndonesia #IKN #IKNtingkatkanKesejahteraan #dukungproyekIKN #IKNNusantara 1 https://t.co/VnnKNh4W1R,0,0,0,0,in,958555240697036800,1703647563780325765,andre_herdian05,https://twitter.com/andre_herdian05/status/1703647563780325765
negative,negative,Mon Sep 18 04:56:51 +0000 2023,1703634165785313457,"Atas nama investor negara melanggar kewajiban konstitusi nya pada rakyat, pelanggaran itu jelas ada ketika hak-hak masyarakat lemah dirampas, jaminan itu bergaransi dengan tanda tanggung jawab negara. Masyarakat wadas, rempang, kaum adat kalimantan di ikn, masyarakat adat papua",0,1,0,0,in,1405789177065525253,1703634165785313457,Thaharizieq3,https://twitter.com/Thaharizieq3/status/1703634165785313457
positive,positive ,Mon Sep 18 03:05:45 +0000 2023,1703606207280550222,sangat penting untuk memajukan ekonomi dan menciptakan lapangan kerja bagi masyarakat sekitar. Semoga pembangunan IKN Nusantara dapat berjalan lancar dan memberikan manfaat yang besar bagi kita semua. #IKNNusantara #InvestasiSwasta,0,0,0,0,in,1685494434526580736,1703606207280550222,bayupraksso_,https://twitter.com/bayupraksso_/status/1703606207280550222
positive,positive ,Mon Sep 18 02:44:29 +0000 2023,1703600854266413226,Dukung terus pembangunan IKN Nusantara untuk kemajuan Bangsa Indonesia dan Ekonomi Masyarakat serta UMKM daerah https://t.co/ecpP4Axvmc,0,0,0,0,in,1448431290,1703600854266413226,Nykaa_77,https://twitter.com/Nykaa_77/status/1703600854266413226
positive,positive ,Mon Sep 18 02:44:22 +0000 2023,1703600825543889348,Dukung terus pembangunan IKN Nusantara untuk kemajuan Bangsa Indonesia dan Ekonomi Masyarakat serta UMKM daerah https://t.co/AE14ICoqWx,0,0,0,0,in,1448431290,1703600825543889348,Nykaa_77,https://twitter.com/Nykaa_77/status/1703600825543889348
positive,positive ,Mon Sep 18 02:44:14 +0000 2023,1703600791930728862,Dukung terus pembangunan IKN Nusantara untuk kemajuan Bangsa Indonesia dan Ekonomi Masyarakat serta UMKM daerah https://t.co/KdbptQdI82,0,0,0,0,in,1448431290,1703600791930728862,Nykaa_77,https://twitter.com/Nykaa_77/status/1703600791930728862
positive,positive ,Mon Sep 18 02:32:13 +0000 2023,1703597764943466982,akan menjadi salah satu faktor penting dalam pengembangan IKN Nusantara. Semoga pembangunan ini dapat memberikan dampak positif bagi pertumbuhan ekonomi dan menciptakan lapangan kerja baru bagi masyarakat. #IKNNusantara #PembangunanKawasanTerpadu,0,0,0,0,in,1681177227629666306,1703597764943466982,zubaidahabdllh,https://twitter.com/zubaidahabdllh/status/1703597764943466982
positive,positive ,Mon Sep 18 02:28:00 +0000 2023,1703596704296325143,di IKN Nusantara akan menjadi pendorong utama pertumbuhan ekonomi di wilayah tersebut. Semoga pembangunan ini berjalan lancar dan memberikan manfaat yang besar bagi masyarakat Kalimantan Timur. #IKNNusantara #PertumbuhanEkonomi,0,0,0,0,in,1683430240205574151,1703596704296325143,riskiadamm83491,https://twitter.com/riskiadamm83491/status/1703596704296325143
positive,positive ,Mon Sep 18 02:26:27 +0000 2023,1703596316285387010,sangat penting untuk memajukan ekonomi kita. Semoga pembangunan IKN Nusantara dapat memberikan manfaat besar bagi masyarakat Indonesia. #BanggaInvestasiNusantara #SemangatEkonomiNasional,0,0,0,0,in,1682057043501531138,1703596316285387010,alif_mirzaa,https://twitter.com/alif_mirzaa/status/1703596316285387010
positive,positive ,Mon Sep 18 02:26:19 +0000 2023,1703596281132945881,sangat penting untuk mendorong pertumbuhan ekonomi dan menciptakan lapangan kerja. Semoga pembangunan IKN Nusantara sukses dan memberikan manfaat bagi masyarakat Indonesia! üí™üèºüáÆüá© #banggaInvestasiNusantara #IKNNusantara,0,0,0,0,in,1679031871366369280,1703596281132945881,MirandaNarita,https://twitter.com/MirandaNarita/status/1703596281132945881
positive,positive ,Mon Sep 18 02:08:51 +0000 2023,1703591887406600494,sangat penting dalam membangun infrastruktur dan ekonomi negara kita. Semoga pembangunan IKN Nusantara dapat berjalan lancar dan memberikan manfaat yang besar bagi masyarakat Indonesia. #BanggaInvestasiNusantara #KompetisiSehat,0,0,0,0,in,1679026382150729731,1703591887406600494,sakra_danendra,https://twitter.com/sakra_danendra/status/1703591887406600494
neutral,neutral,Mon Sep 18 01:25:19 +0000 2023,1703580931100180583,"@kumparan Bagusnya proyek tsb direlokasi dekat IKN di Kalimantan, saya pikir masyarakat Dayak akan setuju dan tidak akan protes",0,0,0,0,in,1603555156523888640,1703572976329990524,scbd010621,https://twitter.com/scbd010621/status/1703580931100180583
neutral,neutral,Sun Sep 17 23:38:54 +0000 2023,1703554148623659122,Kementerian PUPR Rilis Map IKN Nusantara di Game Roblox  Kerja sama ini bertujuan untuk mendukung pemahaman dan partisipasi masyarakat terhadap lingkungan dan infrastruktur di Ibu Kota Negara (IKN) Nusantara.  #SalmaBerpestaDiSurakarta rumah produksi https://t.co/oSIqOQlU18,3,2,16,24,in,1009255291790036992,1703554148623659122,aiiptu,https://twitter.com/aiiptu/status/1703554148623659122
negative,negative,Sun Sep 17 23:37:39 +0000 2023,1703553836403577004,@omdoajeloh @ch_chotimah2 @aniesbaswedan @erickthohir infrastruktur Proyek Strategis Nasional katanye.. proyek kepentingan yg ada.. dimana strategis nye kalo itu tidak menyentuh level terbawah masyarakat? toll? siapa yg lewat? bandara? siapa yg pake? mandalika? siapa yg nonton? IKN? siapa yg tinggalin? @Miduk17  @ruhutsitompul,0,0,0,0,in,1684411010076266497,1703398880317210767,IMe_Sarah,https://twitter.com/IMe_Sarah/status/1703553836403577004
positive,positive ,Sun Sep 17 23:17:41 +0000 2023,1703548809731776750,Pembangunan IKN berdampak positif untuk ekonomi masyarakat Kalimantan https://t.co/JsnPxcOcmi,0,0,0,0,in,1373306456854781954,1703548809731776750,DwiDian15986493,https://twitter.com/DwiDian15986493/status/1703548809731776750
positive,positive ,Sun Sep 17 18:53:07 +0000 2023,1703482229660557804,Percepatan proyek pembangunan infrastruktur di IKN Nusantara yang dilaksanakan oleh Pemerintah harus terus didukung karena membawa dampak positif bagi negara dan masyarakat https://t.co/2wGwuEMZG1,0,0,1,2,in,1311626860153905152,1703482229660557804,LogikaSexy,https://twitter.com/LogikaSexy/status/1703482229660557804
negative,negative,Sun Sep 17 13:22:26 +0000 2023,1703399011913478265,@OposisiCerdas Pak @jokowi Biang Kerokx. Kalau Pak Jokowi Mengeluarkan Sertifikat Sebelumx Itu Tdk Mungkin HGU Trsbt Berbenturan Dgn Masyarakat Yg Ada Dirempang. Masa HGU Yg Ada Di IKN Bisa Dihapus Utk Kepentingan Negara Sdngkan HGU Yg Ada Dirempang Itu Tdk Bisa Dihapus Utk Kepentingan Rakyat. https://t.co/QDWGs85mVf,1,4,21,113,in,1490014209840533511,1703388845516210611,AnsyariNasrull2,https://twitter.com/AnsyariNasrull2/status/1703399011913478265
negative,negative,Sun Sep 17 12:27:17 +0000 2023,1703385133104160957,"@Kimberley_2024 Pemicunya karena mereka menggusur kelompok masyarakat yang solidaritas sesamanya sangat tinggi. Kalau hanya hukum dan masa depan masyarakat, terbukti tidak ada korelasinya di kasus bandara kulon progo, sirkuit mandalika, ikn, dan entah di mana lagi ü§™",0,0,0,0,in,1614226008818987009,1703251217827377640,UndukT,https://twitter.com/UndukT/status/1703385133104160957
negative,negative,Sun Sep 17 07:23:25 +0000 2023,1703308659504349515,"@triwantororudi @Dandhy_Laksono Emang bagus dia bangun fasilitas yang emang tetap sasaran dan tepat guna untuk masyarakat.  Terus udah tau baru merintis lagi setelah covid, apa urgensi bangun IKN? Cari investor sana-sini.  Pembangunan pengen keren tapi SDA rendah buat apa?  Ga sejalan.. Makanya TKA di ekspor",0,2,0,0,in,1166811520392544256,1703061104988213466,MarungkilSinaga,https://twitter.com/MarungkilSinaga/status/1703308659504349515
neutral,neutral,Sun Sep 17 06:54:19 +0000 2023,1703301336681554399,@KotaNusantara @CerahID @Ghurem2 @erzavindaf @ardi_tama1 pembangunan IKN akan melibatkan masyarakat sekitar Kalimantan Timur #IKNNusantara,0,0,0,0,in,1487657312156147712,1703159557512687698,KeysiaOlivia7,https://twitter.com/KeysiaOlivia7/status/1703301336681554399
neutral,neutral,Sun Sep 17 06:43:13 +0000 2023,1703298544957046921,"Sejalan dengan hal itu, Deputi Bidang Sosial, Budaya, dan Pemberdayaan Masyarakat, Alimuddin, menuturkan bahwa peran riset dari perguruan tinggi sangat dibutuhkan sebagai referensi penyusunan kebijakan di IKN.",0,1,0,0,in,1455419498018656256,1703298528473383026,ikn_id,https://twitter.com/ikn_id/status/1703298544957046921
neutral,neutral,Sun Sep 17 06:43:09 +0000 2023,1703298528473383026,"Universitas Indonesia (UI) adakan tinjauan ke Ibu Kota Nusantara (IKN) sebagai tindaklanjut kerja sama dengan Otorita IKN di bidang pendidikan, penelitian, dan pengabdian masyarakat, pada Minggu (10/9/2023). https://t.co/IkZs1M7jN9",0,1,0,7,in,1455419498018656256,1703298528473383026,ikn_id,https://twitter.com/ikn_id/status/1703298528473383026
positive,positive ,Sun Sep 17 06:38:08 +0000 2023,1703297267288150094,@KotaNusantara @CerahID @Ghurem2 @erzavindaf @ardi_tama1 Pemindahan IKN untuk pemerataan kesejahteraan masyarakat Indonesia #IKNNusantara,0,0,0,0,in,1488459217623478277,1703159557512687698,DavinaClara5,https://twitter.com/DavinaClara5/status/1703297267288150094
positive,positive ,Sun Sep 17 06:37:06 +0000 2023,1703297006750359552,Masyarakat Sambut Pembangunan IKN Nusantara.. #KotaDuniaUntukSemua #IKNSejahterakanIndonesia https://t.co/5yyBCOfPnE,0,0,0,0,in,1564445082866323456,1703297006750359552,BertaniKodok,https://twitter.com/BertaniKodok/status/1703297006750359552
positive,positive ,Sun Sep 17 06:33:06 +0000 2023,1703295998770970715,Masyarakat Sambut Pembangunan IKN Nusantara #KotaDuniaUntukSemua #IKNSejahterakanIndonesia https://t.co/DFdGzBoIAd,0,0,0,0,in,1564445082866323456,1703295998770970715,BertaniKodok,https://twitter.com/BertaniKodok/status/1703295998770970715
positive,positive ,Sun Sep 17 06:33:06 +0000 2023,1703295998645133655,IKN Nusantara bantu mendorong pemberdayaan perekonomian masyarakat. #KotaDuniaUntukSemua #IKNSejahterakanIndonesia https://t.co/hCWbUzCErh,0,0,0,0,in,1564445082866323456,1703295998645133655,BertaniKodok,https://twitter.com/BertaniKodok/status/1703295998645133655
neutral,neutral,Sun Sep 17 06:22:18 +0000 2023,1703293282007327128,@tempodotco Kira2 masyarakat sekitar IKN bagemana yak.?,0,0,0,0,in,1725556034,1703012498100887763,Bro_Lucky86,https://twitter.com/Bro_Lucky86/status/1703293282007327128
negative,negative,Sun Sep 17 06:13:01 +0000 2023,1703290946195276286,@FelixSGL1 @strike_bravo_b kalo misalnya peraraban mau dibikin kenapa pula biaya segede itu mesti di fokuskan ke ikn? lah kalo pengembangan bisa diberikan ke tiap daerah masing2 emang rugi ya kalo bikin daerah lebih berkembang ekonominya? lagian apa mesti masyarakat daerah pergi ke ikn buat ngerasain itu?,0,1,0,0,in,133157248,1703056452469010728,zeronol0,https://twitter.com/zeronol0/status/1703290946195276286
negative,negative,Sun Sep 17 05:41:38 +0000 2023,1703283048677273716,@anakodok2009 @pengarang_sajak apbd ya dr hasil pendapatan DKI lah ... baik itu pajak masyarakat ... pajak reklame .. pajak usaha ... gak ada hubungan sama ikn ... dari mana rumus dibagi sama ikn ?  ....,0,0,0,0,in,1219832576514244608,1702921497445323061,rh_dewa,https://twitter.com/rh_dewa/status/1703283048677273716
negative,negative,Sun Sep 17 05:18:39 +0000 2023,1703277264744628384,"@FelixSGL1 @strike_bravo_b emang sejak lama sih, tapi mending diprioritaskan kepada sektir yang lain lebih baik lagi kan? lagian kondisi ekonomi sehabis pandemik bukannya didoreong untuk kebijakan yang bisa bikin eknomi masyarakat lebih meningkat lagi, malah mikih bikin ikn yang nir faedah",0,1,0,1,in,133157248,1703056452469010728,zeronol0,https://twitter.com/zeronol0/status/1703277264744628384
negative,negative,Sun Sep 17 05:12:48 +0000 2023,1703275791612776571,"Tolak lanjutkan IKN, Anies tidak mendukung upaya pemerataan pembangunan bagi masyarakat di luar Jawa!  #Sensitive | Maudy | #ApaYangKamuLihat | CPNS | Sarapan | Kak Ros | Biasakan | Ginting | NOMIN JAYA JAYA JAYA | Emyu https://t.co/vTDPESZilB",0,1,1,1,in,1639092488513421312,1703275789272363088,DevitoDhika,https://twitter.com/DevitoDhika/status/1703275791612776571
negative,negative,Sun Sep 17 05:12:10 +0000 2023,1703275632996794399,"Tolak lanjutkan IKN, Anies tidak mendukung upaya pemerataan pembangunan bagi masyarakat di luar Jawa!  #Sensitive | Maudy | #ApaYangKamuLihat | CPNS | Sarapan | Kak Ros | Biasakan | Ginting | NOMIN JAYA JAYA JAYA | Emyu https://t.co/eBVmYKseBh",0,1,1,1,in,1604651414428741632,1703275630450954469,dinadewii791,https://twitter.com/dinadewii791/status/1703275632996794399
negative,negative,Sun Sep 17 05:10:08 +0000 2023,1703275121484673276,"Tolak lanjutkan IKN, Anies tidak mendukung upaya pemerataan pembangunan bagi masyarakat di luar Jawa!  #Sensitive | Maudy | #ApaYangKamuLihat | CPNS | Sarapan | Kak Ros | Biasakan | Ginting | NOMIN JAYA JAYA JAYA | Emyu https://t.co/JByuJQPJ9t",0,1,1,1,in,1599097424970412032,1703275118833906136,JahraYulia,https://twitter.com/JahraYulia/status/1703275121484673276
negative,negative,Sun Sep 17 05:08:45 +0000 2023,1703274771998519491,"Tolak lanjutkan IKN, Anies tidak mendukung upaya pemerataan pembangunan bagi masyarakat di luar Jawa!  #Sensitive | Maudy | #ApaYangKamuLihat | CPNS | Sarapan | Kak Ros | Biasakan | Ginting | NOMIN JAYA JAYA JAYA | Emyu https://t.co/tTrYaPtGM3",0,0,1,1,in,1555514187841142785,1703274769838456833,NoviRidanty,https://twitter.com/NoviRidanty/status/1703274771998519491
positive,positive ,Sun Sep 17 01:04:41 +0000 2023,1703213350107459954,Dukung Pembangunan IKN yang memberikan dampak positif bagi masyarakat dan kemajuan ekonomi daerah dan UMKM https://t.co/cQZQF9lcqY,0,0,0,0,in,1448431290,1703213350107459954,Nykaa_77,https://twitter.com/Nykaa_77/status/1703213350107459954
positive,positive ,Sun Sep 17 01:04:27 +0000 2023,1703213289818538442,Dukung Pembangunan IKN yang memberikan dampak positif bagi masyarakat dan kemajuan ekonomi daerah dan UMKM https://t.co/vdotOukRg5,0,0,0,0,in,1448431290,1703213289818538442,Nykaa_77,https://twitter.com/Nykaa_77/status/1703213289818538442
positive,positive ,Sun Sep 17 01:04:20 +0000 2023,1703213261368496255,Dukung Pembangunan IKN yang memberikan dampak positif bagi masyarakat dan kemajuan ekonomi daerah dan UMKM https://t.co/OVGpyyqvX3,0,0,0,0,in,1448431290,1703213261368496255,Nykaa_77,https://twitter.com/Nykaa_77/status/1703213261368496255
negative,negative,Sat Sep 16 14:47:41 +0000 2023,1703058075857645742,"Tolak lanjutkan IKN, Anies tidak mendukung upaya pemerataan pembangunan bagi masyarakat di luar Jawa !  Malam Minggu | Ginting | Malming | Hujan | Kak Ros | Museum Nasional | Dirumah | LPDP | Amanda Aliando | Biasakan https://t.co/OkWEmIVbo4",0,0,1,1,in,1636193527486103552,1703058075857645742,juliantoraaa,https://twitter.com/juliantoraaa/status/1703058075857645742
positive,positive ,Sat Sep 16 10:57:35 +0000 2023,1703000172127744377,IKN Nusantara akan menjadi kebanggaan semua masyarakat Indonesia dengan melihat kecanggihan pembangunan berkonsep smart city di IKN Nusantara #IKNPemerataanEkonomi #IKNSejahterakanIndonesia #IKN #IKNtingkatkanKesejahteraan #dukungproyekIKN #IKNNusantara https://t.co/GmyQkTdZCZ,0,0,2,2,in,1295316541701935105,1703000172127744377,BotakPahlawan,https://twitter.com/BotakPahlawan/status/1703000172127744377
positive,positive ,Sat Sep 16 10:56:50 +0000 2023,1702999980913672524,IKN Nusantara akan menjadi kebanggaan semua masyarakat Indonesia dengan melihat kecanggihan pembangunan berkonsep smart city di IKN Nusantara #IKNPemerataanEkonomi #IKNSejahterakanIndonesia #IKN #IKNtingkatkanKesejahteraan #dukungproyekIKN #IKNNusantara https://t.co/ig6dotDiiO,0,0,2,2,in,1295316541701935105,1702999980913672524,BotakPahlawan,https://twitter.com/BotakPahlawan/status/1702999980913672524
positive,positive ,Sat Sep 16 07:48:06 +0000 2023,1702952485806064115,Pembangunan IKN sangat dinantikan oleh seluruh elemen masyarakat #KotaDuniaUntukSemua #IKNSejahterakanIndonesia https://t.co/YdfonS1o8T,0,0,0,0,in,1564445082866323456,1702952485806064115,BertaniKodok,https://twitter.com/BertaniKodok/status/1702952485806064115
positive,positive ,Sat Sep 16 07:47:06 +0000 2023,1702952235196391645,IKN didukung oleh berbagai elemen masyarakat di Kaltim! #KotaDuniaUntukSemua #IKNSejahterakanIndonesia #IKNPemerataanEkonomi https://t.co/vElBi0DHn0,0,0,0,0,in,1564445082866323456,1702952235196391645,BertaniKodok,https://twitter.com/BertaniKodok/status/1702952235196391645
negative,negative,Sat Sep 16 06:48:59 +0000 2023,1702937609943777563,"@Stev3n_Peg3l @ElfizaEnny pintas sekali bangsa china, utk industri yg sangat berdampak buruk bagi kesehatan masyarakat, di bikin negara orang  ü§î  kl gitu knp ga suruh di bikin di IKN aza knp hrs di Rempang ?",0,1,7,12,in,374002526,1702839669719957508,iccasarifien,https://twitter.com/iccasarifien/status/1702937609943777563
neutral,neutral,Sat Sep 16 05:57:28 +0000 2023,1702924644188406220,"Bukti Nyata Masyarakat Rote Ndao Dukung MANELEO ROTE NDAO"" @jokowi Pindahkan IKN dari JAKARTA  Ke PPU Ditandai @ProfylHenuk dari UNSTAR ROTE Tampil Sebagai""PEMBICARA""&amp Luncurkan Buku: ""VISUALISASI IBU KOTA NEGARA (IKN):""NUSANTARA"" (@ikn_id) di HOTEL KRISTAL KUPANG,6 Oktober 2023. https://t.co/AzRGXWHwox""",0,1,1,3,in,1431351756823224321,1702924644188406220,ProfylHenuk,https://twitter.com/ProfylHenuk/status/1702924644188406220
positive,positive ,Sat Sep 16 05:20:06 +0000 2023,1702915240697180289,IKN Nusantara akan menjadi kebanggaan semua masyarakat Indonesia dengan melihat kecanggihan pembangunan berkonsep smart city di IKN Nusantara #IKNPemerataanEkonomi #IKNSejahterakanIndonesia #IKN #IKNtingkatkanKesejahteraan #dukungproyekIKN #IKNNusantara https://t.co/RX1lu3Xmuf,0,1,0,0,in,1356621933152899072,1702915237014536484,sushiitr4shh,https://twitter.com/sushiitr4shh/status/1702915240697180289
positive,positive ,Sat Sep 16 05:20:05 +0000 2023,1702915237014536484,IKN Nusantara akan menjadi kebanggaan semua masyarakat Indonesia dengan melihat kecanggihan pembangunan berkonsep smart city di IKN Nusantara #IKNPemerataanEkonomi #IKNSejahterakanIndonesia #IKN #IKNtingkatkanKesejahteraan #dukungproyekIKN #IKNNusantara https://t.co/2QThqD2TH2,0,1,0,0,in,1356621933152899072,1702915237014536484,sushiitr4shh,https://twitter.com/sushiitr4shh/status/1702915237014536484
negative,negative,Sat Sep 16 03:06:16 +0000 2023,1702881559580402070,"Buat Masyarakat minang, aceh, medan, jambi, riau, bengkulu dan melayu nusantara Bagaimana perasaan anda melihat saudara melayu anda di pulau rempang di usir dari kampungnya???? Demi kepentingan cukong https://t.co/z296TMlSq9",0,0,1,1,in,484729792,1702881559580402070,oaseminang,https://twitter.com/oaseminang/status/1702881559580402070
positive,positive ,Sat Sep 16 01:12:20 +0000 2023,1702852887582540145,IKN Nusantara berikan dampak positif bagi kemajuan bangsa Indonesia dan Ekonomi Masyarakat di Indonesia dan UMKM daerah https://t.co/7xuE8EN2Jx,0,0,0,0,in,1448431290,1702852887582540145,Nykaa_77,https://twitter.com/Nykaa_77/status/1702852887582540145
positive,positive ,Sat Sep 16 01:12:13 +0000 2023,1702852860025942360,IKN Nusantara berikan dampak positif bagi kemajuan bangsa Indonesia dan Ekonomi Masyarakat di Indonesia dan UMKM daerah https://t.co/KvsFmoeh74,0,0,0,0,in,1448431290,1702852860025942360,Nykaa_77,https://twitter.com/Nykaa_77/status/1702852860025942360
positive,positive ,Sat Sep 16 01:12:00 +0000 2023,1702852805529313429,IKN Nusantara berikan dampak positif bagi kemajuan bangsa Indonesia dan Ekonomi Masyarakat di Indonesia dan UMKM daerah https://t.co/qzYjUAq0TS,0,0,0,0,in,1448431290,1702852805529313429,Nykaa_77,https://twitter.com/Nykaa_77/status/1702852805529313429
negative,negative,Sat Sep 16 00:25:07 +0000 2023,1702841006927036582,"@mr6906552664 @tvOneNews pernyataan anies soal ikn.  itu artinya, bakal sama jg utk rempang.  kl proyek itu ga berdampak baik utk masyarakat, ngapain diterusin?! https://t.co/bS8Z9r2qUA",0,1,0,0,in,1675765256461893632,1702813081662034311,JiwaRaga99,https://twitter.com/JiwaRaga99/status/1702841006927036582
negative,negative,Fri Sep 15 21:53:43 +0000 2023,1702802905684947373,"10 proyek pemerintah yg di tolak masyarakat, dari Rempang hingga IKN, pokoknya yg menghambat investasi, saya pasti akan buldoser. https://t.co/zSYP5LYx8Z",1,5,12,16,in,224431376,1702802905684947373,Stev3n_Peg3l,https://twitter.com/Stev3n_Peg3l/status/1702802905684947373
positive,positive ,Fri Sep 15 11:43:14 +0000 2023,1702649272108482720,Program kolaboratif ini akan mengumpulkan donasi dari masyarakat dan sektor swasta untuk menghijaukan area pengangga IKN Nusantara dan membentuk berbagai program pemberdayaan masyarakat.,0,1,0,0,in,1638130150499061761,1702649268681806112,Katadatagreen,https://twitter.com/Katadatagreen/status/1702649272108482720
positive,positive ,Fri Sep 15 11:42:05 +0000 2023,1702648982525366410,"Katadata Green, Jejakin (@jejak_in), dan Benih Baik (@benihbaik) berkolaborasi dengan Otorita IKN Nusantara(@ikn_id) menginisiasi Green Movement: Sabuk Hijau Nusantara"".  Program kolaboratif ini akan mengumpulkan donasi dari masyarakat dan sektor swasta untuk menghijaukan area‚Ä¶ https://t.co/1dObrIm9wj""",0,0,0,0,in,552523769,1702648982525366410,KATADATAcoid,https://twitter.com/KATADATAcoid/status/1702648982525366410
neutral,neutral,Fri Sep 15 08:14:08 +0000 2023,1702596648365646103,Bangun di IKN aja Pabrik ka a dan solar cell @bahlillahadalia @jokowi @luhut_binsar @mohmahfudmd. Jangan di Rempang Galang yang kuktur Masyarakat nya sudah ada sebelum Indonesia Merdeka  !!! cc @bpbatam @DPRDkepri @KotaBatam,0,0,0,0,in,99851231,1702596648365646103,AtokSsk,https://twitter.com/AtokSsk/status/1702596648365646103
negative,negative,Fri Sep 15 07:56:47 +0000 2023,1702592281478566079,"10 Proyek Pemerintah yang Ditolak Masyarakat, Ada Rempang hingga IKN https://t.co/ztxazRPnsf",0,1,14,40,in,18129942,1702592281478566079,tempodotco,https://twitter.com/tempodotco/status/1702592281478566079
positive,positive ,Fri Sep 15 07:31:25 +0000 2023,1702585898951725081,Kementerian Pekerjaan Umum dan Perumahan Rakyat (PUPR) mengumumkan kerja sama dengan game Roblox dalam rangka peluncuran game edukasi Nusangka yang bertujuan mengenalkan Ibu Kota Negara (IKN) Nusantara kepada masyarakat. https://t.co/bq9jCHDxlD,3,1,0,0,in,1608725343850082305,1702585898951725081,baperanewscom,https://twitter.com/baperanewscom/status/1702585898951725081
negative,negative,Fri Sep 15 07:11:06 +0000 2023,1702580784245403835,"10 Proyek Pemerintah yang Ditolak Masyarakat, Ada Rempang hingga IKN #TempoBisnis https://t.co/p4reeGpulI",8,24,444,778,in,18129942,1702580784245403835,tempodotco,https://twitter.com/tempodotco/status/1702580784245403835
neutral,neutral,Fri Sep 15 04:46:08 +0000 2023,1702544305909621014,"Kalau cuma untuk buat pabrik kaca kenapa harus mengusir Masyarakat Adat 16 Kampung, kenapa ndak di IKN saja, HGB 190 tahun, sangat strategis aman damai, investor surplus dan didukung langsung oleh Pakat. https://t.co/GY2xaWg3mu",4,58,131,385,in,1649686141757722626,1702544305909621014,AlnilamOmar,https://twitter.com/AlnilamOmar/status/1702544305909621014
positive,positive ,Fri Sep 15 04:30:41 +0000 2023,1702540415801704959,@IKN_NusantaraID pembangunan IKN akan melibatkan masyarakat sekitar Kalimantan Timur #PindahIbuKota,0,0,0,0,in,1668840513729069056,1702256156922827065,argasurya332000,https://twitter.com/argasurya332000/status/1702540415801704959
positive,positive ,Fri Sep 15 03:09:36 +0000 2023,1702520010965766616,@IKN_NusantaraID Masyarakat Papua Antusias Menyambut Pemindahan Ibu Kota Nusantar,0,0,0,0,in,1569514505180450817,1702256156922827065,certaso1,https://twitter.com/certaso1/status/1702520010965766616
positive,positive ,Fri Sep 15 02:35:57 +0000 2023,1702511543982973319,Dukung Pembangunan IKN yang memberikan dampak positif bagi masyarakat dan kemajuan ekonomi daerah dan UMKM https://t.co/G86zTCPjms,0,0,0,0,in,1448431290,1702511543982973319,Nykaa_77,https://twitter.com/Nykaa_77/status/1702511543982973319
positive,positive ,Fri Sep 15 02:35:51 +0000 2023,1702511518179614808,Dukung Pembangunan IKN yang memberikan dampak positif bagi masyarakat dan kemajuan ekonomi daerah dan UMKM https://t.co/94x2HnAPYq,0,0,0,0,in,1448431290,1702511518179614808,Nykaa_77,https://twitter.com/Nykaa_77/status/1702511518179614808
positive,positive ,Fri Sep 15 02:35:38 +0000 2023,1702511462466601359,Dukung Pembangunan IKN yang memberikan dampak positif bagi masyarakat dan kemajuan ekonomi daerah dan UMKM https://t.co/gwvfPQPBfN,0,0,0,0,in,1448431290,1702511462466601359,Nykaa_77,https://twitter.com/Nykaa_77/status/1702511462466601359
positive,positive ,Fri Sep 15 02:27:29 +0000 2023,1702509410344718410,@IKN_NusantaraID Pertumbuhan ekonomi masyarakat sekitar memberi dampak positif #IKNNusantara,0,0,0,0,in,1489623751108878337,1702255548132155665,Genvine2,https://twitter.com/Genvine2/status/1702509410344718410
positive,positive ,Fri Sep 15 02:25:51 +0000 2023,1702508999911043358,@IKN_NusantaraID Kita masyarakat Indonesia optimis #IbuKotaNegara,0,0,0,0,in,1489623751108878337,1702256156922827065,Genvine2,https://twitter.com/Genvine2/status/1702508999911043358
positive,positive ,Fri Sep 15 02:25:42 +0000 2023,1702508963500347882,@IKN_NusantaraID Masyarakat Papua Antusias Menyambut Pemindahan Ibu Kota Nusantara #IbuKotaNegara,0,0,0,0,in,1484390326408466432,1702256156922827065,Cynthia90792266,https://twitter.com/Cynthia90792266/status/1702508963500347882
neutral,neutral,Thu Sep 14 14:11:16 +0000 2023,1702324138722115966,@setnugsempra menurut gue revolusi mental yang paling dibutuhkan oleh masyarakat lokal IKN adl stop taro tas di kursi sebelah ente pas lagi rush hour sih,0,1,0,0,in,2714179189,1702304146932527372,jswsean,https://twitter.com/jswsean/status/1702324138722115966
negative,negative,Thu Sep 14 11:51:26 +0000 2023,1702288945374196143,Sarkas aja ta. Karena kebanyakan dari mereka selalu merasa menjadi yang ‚Äòwah.‚Äô Kan udh dari jaman pas mau IKN pindah udh jadi bulan bulanan masyarakat aja.,0,0,0,0,in,546675497,1702288945374196143,mooncalfdung,https://twitter.com/mooncalfdung/status/1702288945374196143
positive,positive ,Thu Sep 14 11:21:56 +0000 2023,1702281523003785506,"Game baru buatan Kementrian PUPR untuk ngenalin IKN ke masyarakat, namanya Nusangka https://t.co/KjCMbR7no8",6,11,7,66,in,1292095570979336192,1702281523003785506,txtdrgame,https://twitter.com/txtdrgame/status/1702281523003785506
negative,negative,Thu Sep 14 05:46:51 +0000 2023,1702197194131128397,"@tanyarlfes ini yg kasus ikn itu ya? percuma pindah ke kalimantan kalo daerah sekitar ibukotanya bawa investor asing, apalagi pembangunannya gada izin ke masyarakat setempat",0,0,0,0,in,701275108208324609,1702186861991788770,marchhhman,https://twitter.com/marchhhman/status/1702197194131128397
positive,positive ,Thu Sep 14 04:50:13 +0000 2023,1702182941751988357,@youthful_mediaa Semoga IKN Nusantara dapat mewujudkan harapan masyarakat Indonesia #IKNNusantara,0,0,0,0,in,1508255220471517184,1701982131780821499,TamiAndini3,https://twitter.com/TamiAndini3/status/1702182941751988357
positive,positive ,Thu Sep 14 04:05:06 +0000 2023,1702171591935771126,Masyarakat Kaltim Dukung Pembangunan IKN Nusantara #KotaDuniaUntukSemua #IKNSejahterakanIndonesia https://t.co/9ET0HFfKLJ,0,0,0,0,in,1564445082866323456,1702171591935771126,BertaniKodok,https://twitter.com/BertaniKodok/status/1702171591935771126
positive,positive ,Thu Sep 14 04:05:06 +0000 2023,1702171590899773627,IKN Dinilai Beri Dampak Positif Bagi Pariwisata dan Ekonomi Masyarakat Lokal #IKN #IKNNusantara #IKNMendunia #DukungIKN https://t.co/tQFtegtoRg,0,0,0,0,in,1564445082866323456,1702171590899773627,BertaniKodok,https://twitter.com/BertaniKodok/status/1702171590899773627
positive,positive ,Thu Sep 14 03:02:01 +0000 2023,1702155715820003754,Dukung Pembangunan IKN yang memberikan dampak positif bagi masyarakat dan kemajuan ekonomi daerah dan UMKM https://t.co/qCKuc6MjRw,0,0,0,0,in,1448431290,1702155715820003754,Nykaa_77,https://twitter.com/Nykaa_77/status/1702155715820003754
negative,negative,Thu Sep 14 02:40:15 +0000 2023,1702150235181711797,"Beberapa hal yang bisa menghentikan proyek urbanisme spekulatif ala IKN dan Rempang (pakai alasan eco-city lalala), adalah: 1. Krisis ekonomi  2. Penggantian arah politik dan kekuasaan 3. Gerakan masyarakat  Semoga yg no 3 yg menguat dan terjadi.",8,64,483,1182,in,44556194,1702150235181711797,elisa_jkt,https://twitter.com/elisa_jkt/status/1702150235181711797
negative,negative,Thu Sep 14 01:41:57 +0000 2023,1702135566165500068,@CNNIndonesia Pernyataan yang blunder... * Harus sampai ke Presiden... karena proses awal di Rempang... Presiden belum tahu atau tidak tahu [ persepsi masyarakat ] dan terlalu fokus pada Investasi IKN dan Insfrastruktur yang masif sebagai strategy LEGACY nya saat purna. Sesederhana ini.,0,0,0,0,in,1458046732340588551,1702111816166592521,guswachid_66,https://twitter.com/guswachid_66/status/1702135566165500068
negative,negative,Thu Sep 14 01:01:16 +0000 2023,1702125325839388802,"Ditugaskan melindungi mengayomi Masyarakat - nembakin gas air mata, melindungi-mengayomi proyek cukong. Revolusi Mental  #TolakPenggusuranRempang",0,0,1,2,in,1097021784212135936,1702125325839388802,AntiPengPeng,https://twitter.com/AntiPengPeng/status/1702125325839388802
neutral,neutral,Wed Sep 13 09:00:12 +0000 2023,1701883468014358609,Program kolaboratif ini akan mengumpulkan donasi dari masyarakat dan sektor swasta untuk menghijaukan area pengangga IKN Nusantara dan membentuk berbagai program pemberdayaan masyarakat.,0,1,0,0,in,1638130150499061761,1701883464222654574,Katadatagreen,https://twitter.com/Katadatagreen/status/1701883468014358609
neutral,neutral,Wed Sep 13 08:58:00 +0000 2023,1701882914370363886,"Katadata Green, Jejakin, dan Benih Baik berkolaborasi dengan Otorita IKN Nusantara menginisiasi Green Movement: Sabuk Hijau Nusantara"".   Program kolaboratif ini akan mengumpulkan donasi dari masyarakat dan sektor swasta untuk menghijaukan area pengangga IKN Nusantara dan‚Ä¶ https://t.co/DZNtovLaEF""",0,0,0,2,in,552523769,1701882914370363886,KATADATAcoid,https://twitter.com/KATADATAcoid/status/1701882914370363886
positive,positive ,Wed Sep 13 06:51:10 +0000 2023,1701850992332120570,"Dalam sambutannya, Deputi Bidang Sosial, Budaya, dan Pemberdayaan Masyarakat OIKN, Alimuddin menyatakan harapannya untuk bisa merumuskan kebijakan seni dan budaya yang ada di IKN,‚Ä¶",0,1,1,1,in,1455419498018656256,1701850969250857399,ikn_id,https://twitter.com/ikn_id/status/1701850992332120570
positive,positive,Wed Sep 13 04:15:27 +0000 2023,1701811804731834498,@KotaNusantara @erzavindaf @IgoMagaz @Hansunriko @ikn_id Pemindahan IKN untuk pemerataan kesejahteraan masyarakat Indonesia #,0,0,0,0,in,1569513589853294592,1701726784541352275,fersato3,https://twitter.com/fersato3/status/1701811804731834498
positive,positive ,Wed Sep 13 03:59:15 +0000 2023,1701807730061942975,Dukung terus pembangunan IKN Nusantara di Kaltim untuk kemajuan Bangsa Indonesia dan Ekonomi Masyarakat https://t.co/o6nPYsk5zz,0,0,0,0,in,1448431290,1701807730061942975,Nykaa_77,https://twitter.com/Nykaa_77/status/1701807730061942975
positive,positive ,Wed Sep 13 03:59:08 +0000 2023,1701807700341076013,Dukung terus pembangunan IKN Nusantara di Kaltim untuk kemajuan Bangsa Indonesia dan Ekonomi Masyarakat https://t.co/IH6DzJyg6Q,0,0,0,0,in,1448431290,1701807700341076013,Nykaa_77,https://twitter.com/Nykaa_77/status/1701807700341076013
positive,positive ,Wed Sep 13 03:59:00 +0000 2023,1701807668900602309,Dukung terus pembangunan IKN Nusantara di Kaltim untuk kemajuan Bangsa Indonesia dan Ekonomi Masyarakat https://t.co/ZIlZZ9WTFE,0,0,0,0,in,1448431290,1701807668900602309,Nykaa_77,https://twitter.com/Nykaa_77/status/1701807668900602309
positive,positive ,Wed Sep 13 03:24:04 +0000 2023,1701798874417946974,IKN wujud Semangat masyarakat indonesia untuk Ibu Kota Baru yang lebih baik #KotaDuniaUntukSemua #IKNSejahterakanIndonesia https://t.co/WWgfcLcq5r,0,0,0,0,in,1564445082866323456,1701798874417946974,BertaniKodok,https://twitter.com/BertaniKodok/status/1701798874417946974
positive,positive ,Wed Sep 13 03:23:03 +0000 2023,1701798621765648406,Masyarakat Sambut Pembangunan IKN Nusantara #KotaDuniaUntukSemua #IKNSejahterakanIndonesia https://t.co/s5VndNUTNQ,0,0,0,0,in,1564445082866323456,1701798621765648406,BertaniKodok,https://twitter.com/BertaniKodok/status/1701798621765648406
positive,positive ,Wed Sep 13 03:20:06 +0000 2023,1701797879201800315,Masyarakat Kaltim Dukung Pembangunan IKN Nusantara #KotaDuniaUntukSemua #IKNSejahterakanIndonesia https://t.co/fvFb6pV2kD,0,0,0,0,in,1564445082866323456,1701797879201800315,BertaniKodok,https://twitter.com/BertaniKodok/status/1701797879201800315
positive,positive ,Wed Sep 13 02:42:58 +0000 2023,1701788533290303786,@KotaNusantara @erzavindaf @IgoMagaz @Hansunriko @ikn_id Masyarakat Papua Antusias Menyambut Pemindahan Ibu Kota Nusantara #IKNNusantara,0,0,0,0,in,1574240273554558976,1701726784541352275,jimbe94127701,https://twitter.com/jimbe94127701/status/1701788533290303786
positive,positive ,Wed Sep 13 02:15:34 +0000 2023,1701781637913247878,@KotaNusantara @erzavindaf @IgoMagaz @Hansunriko @ikn_id Masyarakat Dayak Siap Sambut Ibu Kota Nusantara dengan sukacita #IbuKotaNegara,0,0,0,0,in,1590891231894437889,1701726784541352275,CakraBaylor17,https://twitter.com/CakraBaylor17/status/1701781637913247878